Branch,item,Description,
160000,031532,DAPHNE BURK CAROL MACKIE,
160000,049232,DAPHNE ETRNL FRAGRANCE PP18361,
160000,049235,DAPHNE ETRNL FRAGRANCE PP18361,
160000,031521S,DAPHNE OD AUREO-MARGINATA,
160000,031523,DAPHNE OD AUREO-MARGINATA,
160000,035821S,DAPHNE OD MAEJIMA,
160000,035823,DAPHNE OD MAEJIMA,
160000,049822,DAPHNE X HOUT FEBRUARY PLUM,
160000,037701,GARDENIA AUGUST BEAUTY,
160000,037701SPT,GARDENIA AUGUST BEAUTY,
160000,037705,GARDENIA AUGUST BEAUTY,
160000,037705PT,GARDENIA AUGUST BEAUTY,
160000,037705ST,GARDENIA AUGUST BEAUTY,
160000,03770EPT,GARDENIA AUGUST BEAUTY,
160000,034155,GARDENIA AUGUST BEAUTY-GRAFT,
160000,034155PT,GARDENIA AUGUST BEAUTY-GRAFT,
160000,037711,GARDENIA CHUCK HAYES,
160000,037671,GARDENIA FIRST LOVE R,
160000,037672,GARDENIA FIRST LOVE R,
160000,037672PT,GARDENIA FIRST LOVE R,
160000,037675,GARDENIA FIRST LOVE R,
160000,037675PT,GARDENIA FIRST LOVE R,
160000,037675ST,GARDENIA FIRST LOVE R,
160000,037575,GARDENIA FIRST LOVE R-GRAFT,
160000,037575PT,GARDENIA FIRST LOVE R-GRAFT,
160000,044091,GARDENIA FROSTPROOF,
160000,044092,GARDENIA FROSTPROOF,
160000,044095,GARDENIA FROSTPROOF,
160000,410092S,GARDENIA HEAVEN SCNT R PP19988,
160000,060305,GARDENIA JASMIN VARIEG (DH),
160000,037561,GARDENIA KLEIM'S HARDY,
160000,037562,GARDENIA KLEIM'S HARDY,
160000,037565,GARDENIA KLEIM'S HARDY,
160000,037751,GARDENIA MYSTERY,
160000,037755,GARDENIA MYSTERY,
160000,037595,GARDENIA MYSTERY-GRAFT,
160000,037595PT,GARDENIA MYSTERY-GRAFT,
160000,097912S,GARDENIA PINWHEEL R PP22510,
160000,037901,GARDENIA RADICANS,
160000,037902,GARDENIA RADICANS,
160000,080751,GARDENIA SUMMER SNOW R PPAF,
160000,080752,GARDENIA SUMMER SNOW R PPAF,
160000,080755,GARDENIA SUMMER SNOW R PPAF,
160000,037845,GARDENIA THUNBERGIA,
160000,037801,GARDENIA VEITCHII,
160000,037802,GARDENIA VEITCHII,
160000,037802ST,GARDENIA VEITCHII,
160000,037805,GARDENIA VEITCHII,
160000,037805PT,GARDENIA VEITCHII,
160000,037805ST,GARDENIA VEITCHII,
160000,037815,GARDENIA VEITCHII-GRAFT,
160000,037815PT,GARDENIA VEITCHII-GRAFT,
160000,037941,GARDENIA WHITE GEM,
160000,037942,GARDENIA WHITE GEM,
160000,03794E,GARDENIA WHITE GEM,
160000,046551,JASMINUM NITIDUM,
160000,046555,JASMINUM NITIDUM,
160000,071781,JASMINUM SAMBAC,
160000,071782,JASMINUM SAMBAC,
160000,046631,JASMINUM SAMBAC GRAND DUKE,
160000,046632,JASMINUM SAMBAC GRAND DUKE,
160000,080741,JASMINUM SUMMER SOUL ™ PPAF,
160000,061535,MICHELIA FIGO,
160000,087782,MURRAYA KOENIGII,
160000,063151,OSMANTHUS FRAGRANS,
160000,063155,OSMANTHUS FRAGRANS,
160000,063157,OSMANTHUS FRAGRANS,
160000,063159,OSMANTHUS FRAGRANS,
160000,097922S,VIBURNUM PEARLIFIC R PP23385,
160000,047893,DAPHNE MOONLIGHT PARFT R PPAF,
,,,
,,,
,,,
,,,
,,,
,,,
,,,
,,,
,,,
,,,
,,,
,,,
,,,
,,,
,,,
,,,
,,,
,,,
,,,
,,,
,,,
,,,
,,,
,,,
,,,
,,,
,,,
,,,
,,,
,,,
,,,
,,,
,,,
,,,
,,,
,,,
,,,
,,,
,,,
,,,
,,,
,,,
,,,
,,,
,,,
,,,
,,,
,,,
,,,
,,,
,,,
,,,
,,,
,,,
,,,
,,,
,,,
,,,
,,,
,,,
,,,
,,,
,,,
,,,
,,,
,,,
,,,
,,,
,,,
,,,
,,,
,,,
,,,
,,,
,,,
,,,
,,,
,,,
,,,
,,,
,,,
,,,
,,,
,,,
,,,
,,,
,,,
,,,
,,,
,,,
,,,
,,,
,,,
,,,
,,,
,,,
,,,
,,,
,,,
,,,
,,,
,,,
,,,
,,,
,,,
,,,
,,,
,,,
,,,
,,,
,,,
,,,
,,,
,,,
,,,
,,,
,,,
,,,
,,,
,,,
,,,
,,,
,,,
,,,
,,,
,,,
,,,
,,,
,,,
,,,
,,,
,,,
,,,
,,,
,,,
,,,
,,,
,,,
,,,
,,,
,,,
,,,
,,,
,,,
,,,
,,,
,,,
,,,
,,,
,,,
,,,
,,,
,,,
,,,
,,,
,,,
,,,
,,,
,,,
,,,
,,,
,,,
,,,
,,,
,,,
,,,
,,,
,,,
,,,
,,,
,,,
,,,
,,,
,,,
,,,
,,,
,,,
,,,
,,,
,,,
,,,
,,,
,,,
,,,
,,,
,,,
,,,
,,,
,,,
,,,
,,,
,,,
,,,
,,,
,,,
,,,
,,,
,,,
,,,
,,,
,,,
,,,
,,,
,,,
,,,
,,,
,,,
,,,
,,,
,,,
,,,
,,,
,,,
,,,
,,,
,,,
,,,
,,,
,,,
,,,
,,,
,,,
,,,
,,,
,,,
,,,
,,,
,,,
,,,
,,,
,,,
,,,
,,,
,,,
,,,
,,,
,,,
,,,
,,,
,,,
,,,
,,,
,,,
,,,
,,,
,,,
,,,
,,,
,,,
,,,
,,,
,,,
,,,
,,,
,,,
,,,
,,,
,,,
,,,
,,,
,,,
,,,
,,,
,,,
,,,
,,,
,,,
,,,
,,,
,,,
,,,
,,,
,,,
,,,
,,,
,,,
,,,
,,,
,,,
,,,
,,,
,,,
,,,
,,,
,,,
,,,
,,,
,,,
,,,
,,,
,,,
,,,
,,,
,,,
,,,
,,,
,,,
,,,
,,,
,,,
,,,
,,,
,,,
,,,
,,,
,,,
,,,
,,,
,,,
,,,
,,,
,,,
,,,
,,,
,,,
,,,
,,,
,,,
,,,
,,,
,,,
,,,
,,,
,,,
,,,
,,,
,,,
,,,
,,,
,,,
,,,
,,,
,,,
,,,
,,,
,,,
,,,
,,,
,,,
,,,
,,,
,,,
,,,
,,,
,,,
,,,
,,,
,,,
,,,
,,,
,,,
,,,
,,,
,,,
,,,
,,,
,,,
,,,
,,,
,,,
,,,
,,,
,,,
,,,
,,,
,,,
,,,
,,,
,,,
,,,
,,,
,,,
,,,
,,,
,,,
,,,
,,,
,,,
,,,
,,,
,,,
,,,
,,,
,,,
,,,
,,,
,,,
,,,
,,,
,,,
,,,
,,,
,,,
,,,
,,,
,,,
,,,
,,,
,,,
,,,
,,,
,,,
,,,
,,,
,,,
,,,
,,,
,,,
,,,
,,,
,,,
,,,
,,,
,,,
,,,
,,,
,,,
,,,
,,,
,,,
,,,
,,,
,,,
,,,
,,,
,,,
,,,
,,,
,,,
,,,
,,,
,,,
,,,
,,,
,,,
,,,
,,,
,,,
,,,
,,,
,,,
,,,
,,,
,,,
,,,
,,,
,,,
,,,
,,,
,,,
,,,
,,,
,,,
,,,
,,,
,,,
,,,
,,,
,,,
,,,
,,,
,,,
,,,
,,,
,,,
,,,
,,,
,,,
,,,
,,,
,,,
,,,
,,,
,,,
,,,
,,,
,,,
,,,
,,,
,,,
,,,
,,,
,,,
,,,
,,,
,,,
,,,
,,,
,,,
,,,
,,,
,,,
,,,
,,,
,,,
,,,
,,,
,,,
,,,
,,,
,,,
,,,
,,,
,,,
,,,
,,,
,,,
,,,
,,,
,,,
,,,
,,,
,,,
,,,
,,,
,,,
,,,
,,,
,,,
,,,
,,,
,,,
,,,
,,,
,,,
,,,
,,,
,,,
,,,
,,,
,,,
,,,
,,,
,,,
,,,
,,,
,,,
,,,
,,,
,,,
,,,
,,,
,,,
,,,
,,,
,,,
,,,
,,,
,,,
,,,
,,,
,,,
,,,
,,,
,,,
,,,
,,,
,,,
,,,
,,,
,,,
,,,
,,,
,,,
,,,
,,,
,,,
,,,
,,,
,,,
,,,
,,,
,,,
,,,
,,,
,,,
,,,
,,,
,,,
,,,
,,,
,,,
,,,
,,,
,,,
,,,
,,,
,,,
,,,
,,,
,,,
,,,
,,,
,,,
,,,
,,,
,,,
,,,
,,,
,,,
,,,
,,,
,,,
,,,
,,,
,,,
,,,
,,,
,,,
,,,
,,,
,,,
,,,
,,,
,,,
,,,
,,,
,,,
,,,
,,,
,,,
,,,
,,,
,,,
,,,
,,,
,,,
,,,
,,,
,,,
,,,
,,,
,,,
,,,
,,,
,,,
,,,
,,,
,,,
"? 2007,2009 Monrovia Nursery Company. This information may represent Trade Secret information and may not be distributed without permission.",,,
