OR,2015 SPRING SBO               ,000752,ACER PAL BLOODGOOD,TRE,,,,,,,,,,,,,,
OR,2015 SPRING SBO               ,000755,ACER PAL BLOODGOOD,TRE,,,,,,,,,,,,,,
OR,2015 SPRING SBO               ,000952ST,ACER PAL CRIMSON QUEEN,TRE,,,,,,,,,,,,,,
OR,2015 SPRING SBO               ,000955ST,ACER PAL CRIMSON QUEEN,TRE,,,,,,,,,,,,,,
OR,2015 SPRING SBO               ,001025,ACER PAL SANGOKAKU,TRE,,,,,,,,,,,,,,
CA,2015 SPRING SBO               ,001955,ALBIZIA JUL ROSEA,TRE,,,,,,,,,,,,,,
GA,2015 SPRING SBO               ,027501,ASTILBE COLOR FLASH R PP17343,PRN,,,,,,,,,,,,,,
GA,2015 SPRING SBO               ,078761S,AZ BLM-A-THON TM DB PK PP21477,RHO,,,,,,,,,,,,,,
GA,2015 SPRING SBO               ,078782S,AZ BLM-A-THON TM WHITE PP21512,RHO,,,,,,,,,,,,,,
OR,2015 SPRING SBO               ,012425MU,BETULA NIGRA,TRE,,,,,,,,,,,,,,
GA,2015 SPRING SBO               ,074412S,BUD LO&BEHLD R BLU CHP PP19991,DCS,,,,,,,,,,,,,,
CA,2015 SPRING SBO               ,013782,BUDDLEJA DAV BLACK KNIGHT,DCS,,,,,,,,,,,,,,
GA,2015 SPRING SBO               ,077391S,BUDDLEJA MISS MOLLY PPAF,DCS,,,,,,,,,,,,,,
GA,2015 SPRING SBO               ,077392S,BUDDLEJA MISS MOLLY PPAF,DCS,,,,,,,,,,,,,,
OR,2015 SPRING SBO               ,013823,BUXUS GREEN MOUNTAIN,EVS,,,,,,,,,,,,,,
CA,2015 SPRING SBO               ,013825,BUXUS GREEN MOUNTAIN,EVS,,,,,,,,,,,,,,
CA,2015 SPRING SBO               ,013825PY,BUXUS GREEN MOUNTAIN,EVS,,,,,,,,,,,,,,
OR,2015 SPRING SBO               ,013891,BUXUS GREEN VELVET,EVS,,,,,,,,,,,,,,
OR,2015 SPRING SBO               ,013892,BUXUS GREEN VELVET,EVS,,,,,,,,,,,,,,
GA,2015 SPRING SBO               ,013892,BUXUS GREEN VELVET,EVS,,,,,,,,,,,,,,
OR,2015 SPRING SBO               ,013895,BUXUS GREEN VELVET,EVS,,,,,,,,,,,,,,
OR,2015 SPRING SBO               ,013831,BUXUS MIC WINTER GEM,EVS,,,,,,,,,,,,,,
CA,2015 SPRING SBO               ,013831,BUXUS MIC WINTER GEM,EVS,,,,,,,,,,,,,,
GA,2015 SPRING SBO               ,013831,BUXUS MIC WINTER GEM,EVS,,,,,,,,,,,,,,
CA,2015 SPRING SBO               ,013835PY,BUXUS MIC WINTER GEM,EVS,,,,,,,,,,,,,,
OR,2015 SPRING SBO               ,023305,CEDRUS ATLANTICA GLAUCA,CON,,,,,,,,,,,,,,
OR,2015 SPRING SBO               ,017855,CERCIS LAVENDER TWIST R P10328,TRE,,,,,,,,,,,,,,
CA,2015 SPRING SBO               ,017857,CERCIS LAVENDER TWIST R P10328,TRE,,,,,,,,,,,,,,
OR,2015 SPRING SBO               ,02365M,CHAM NOOT PENDULA,CON,,,,,,,,,,,,,,
OR,2015 SPRING SBO               ,023655,CHAM NOOT PENDULA,CON,,,,,,,,,,,,,,
OR,2015 SPRING SBO               ,023791,CHAM OBT KOSTERI,CON,,,,,,,,,,,,,,
OR,2015 SPRING SBO               ,044481,CLEM X JACKMANII SUPERBA,VIN,,,,,,,,,,,,,,
OR,2015 SPRING SBO               ,027961,COREOPSIS VERT MOONBEAM,PRN,,,,,,,,,,,,,,
CA,2015 SPRING SBO               ,027961,COREOPSIS VERT MOONBEAM,PRN,,,,,,,,,,,,,,
GA,2015 SPRING SBO               ,027961,COREOPSIS VERT MOONBEAM,PRN,,,,,,,,,,,,,,
OR,2015 SPRING SBO               ,027971,COREOPSIS VERT ZAGREB,PRN,,,,,,,,,,,,,,
CA,2015 SPRING SBO               ,027971,COREOPSIS VERT ZAGREB,PRN,,,,,,,,,,,,,,
GA,2015 SPRING SBO               ,027971,COREOPSIS VERT ZAGREB,PRN,,,,,,,,,,,,,,
OR,2015 SPRING SBO               ,027732,CORNUS ALBA ELEGANTISSIMA,DCS,,,,,,,,,,,,,,
OR,2015 SPRING SBO               ,027735,CORNUS ALBA ELEGANTISSIMA,DCS,,,,,,,,,,,,,,
OR,2015 SPRING SBO               ,029451,COT HOR PERPUSILLUS,EVS,,,,,,,,,,,,,,
OR,2015 SPRING SBO               ,031385,CYTISUS ALLGOLD,DCS,,,,,,,,,,,,,,
CA,2015 SPRING SBO               ,004721,DIANTHUS GRAT FIREWITCH,PRN,,,,,,,,,,,,,,
GA,2015 SPRING SBO               ,004721,DIANTHUS GRAT FIREWITCH,PRN,,,,,,,,,,,,,,
GA,2015 SPRING SBO               ,036281,ECHINACEA SUNDOWN TM PP17659,PRN,,,,,,,,,,,,,,
GA,2015 SPRING SBO               ,048651,ECHINACEA TIKI TORCH PP18839,PRN,,,,,,,,,,,,,,
OR,2015 SPRING SBO               ,09895DIS,END CAP POSTER HOLDER,MKT,,,,,,,,,,,,,,
OR,2015 SPRING SBO               ,033601,EUO ALATUS COMPACTUS,DCS,,,,,,,,,,,,,,
CA,2015 SPRING SBO               ,034501,EUO F MOONSHADOW,EVS,,,,,,,,,,,,,,
OR,2015 SPRING SBO               ,005231,GERANIUM SANGUINEUM MAX FREI,PRN,,,,,,,,,,,,,,
OR,2015 SPRING SBO               ,036671,GR-FESTUCA GLAUCA ELIJAH BLUE,GRS,,,,,,,,,,,,,,
CA,2015 SPRING SBO               ,036671,GR-FESTUCA GLAUCA ELIJAH BLUE,GRS,,,,,,,,,,,,,,
CA,2015 SPRING SBO               ,064261,GR-PENN ALO HAMELN,GRS,,,,,,,,,,,,,,
GA,2015 SPRING SBO               ,064261,GR-PENN ALO HAMELN,GRS,,,,,,,,,,,,,,
CA,2015 SPRING SBO               ,063591,GR-PENN ALO LITTLE BUNNY,GRS,,,,,,,,,,,,,,
OR,2015 SPRING SBO               ,040071,HEM JOAN SENIOR,PRN,,,,,,,,,,,,,,
OR,2015 SPRING SBO               ,040091,HEM LITTLE BUSINESS,PRN,,,,,,,,,,,,,,
GA,2015 SPRING SBO               ,040091,HEM LITTLE BUSINESS,PRN,,,,,,,,,,,,,,
OR,2015 SPRING SBO               ,040121,HEM LITTLE GRAPETTE,PRN,,,,,,,,,,,,,,
CA,2015 SPRING SBO               ,023101,HEUCHERA FROSTED VIOLET P15085,PRN,,,,,,,,,,,,,,
GA,2015 SPRING SBO               ,023101,HEUCHERA FROSTED VIOLET P15085,PRN,,,,,,,,,,,,,,
CA,2015 SPRING SBO               ,047531,HEUCHERA GEORGIA PEACH PP19375,PRN,,,,,,,,,,,,,,
CA,2015 SPRING SBO               ,040721,HEUCHERA PLUM PUDDING,PRN,,,,,,,,,,,,,,
GA,2015 SPRING SBO               ,040721,HEUCHERA PLUM PUDDING,PRN,,,,,,,,,,,,,,
OR,2015 SPRING SBO               ,041881,HOSTA PATRIOT,PRN,,,,,,,,,,,,,,
GA,2015 SPRING SBO               ,041881,HOSTA PATRIOT,PRN,,,,,,,,,,,,,,
CA,2015 SPRING SBO               ,042071,HYD MAC PINK ELF R (PIA),DCS,,,,,,,,,,,,,,
CA,2015 SPRING SBO               ,024375PT,HYD PAN LIMELIGHT PP12874,DCS,,,,,,,,,,,,,,
OR,2015 SPRING SBO               ,044931,ILEX CREN SKY PENCIL(SKY SNTRY,EVS,,,,,,,,,,,,,,
OR,2015 SPRING SBO               ,074955,ILEX X CASTLE SPIRE R PP14310,EVS,,,,,,,,,,,,,,
OR,2015 SPRING SBO               ,021091,ILEX X SCALLYWAG TM PP21941,EVS,,,,,,,,,,,,,,
OR,2015 SPRING SBO               ,044011,IRIS EN VARIEGATA,PRN,,,,,,,,,,,,,,
GA,2015 SPRING SBO               ,044011,IRIS EN VARIEGATA,PRN,,,,,,,,,,,,,,
CA,2015 SPRING SBO               ,047602PP,JUN C HETZII GLAUCA,CON,,,,,,,,,,,,,,
OR,2015 SPRING SBO               ,051751,JUN SA CALGARY CARPET R,CON,,,,,,,,,,,,,,
GA,2015 SPRING SBO               ,008865,LAG DYNAMITE R P10296,DCS,,,,,,,,,,,,,,
GA,2015 SPRING SBO               ,009012,LAG POCOMOKE,DCS,,,,,,,,,,,,,,
GA,2015 SPRING SBO               ,056355,LAG X TONTO,DCS,,,,,,,,,,,,,,
GA,2015 SPRING SBO               ,054575,LAG X ZUNI,DCS,,,,,,,,,,,,,,
GA,2015 SPRING SBO               ,060437,MAG G BRACKENS BROWN BEAUTY,TRE,,,,,,,,,,,,,,
GA,2015 SPRING SBO               ,060439,MAG G BRACKENS BROWN BEAUTY,TRE,,,,,,,,,,,,,,
GA,2015 SPRING SBO               ,059435,MAG G LITTLE GEM,TRE,,,,,,,,,,,,,,
GA,2015 SPRING SBO               ,059439,MAG G LITTLE GEM,TRE,,,,,,,,,,,,,,
OR,2015 SPRING SBO               ,018325,MALUS SARGENTII TINA,TRE,,,,,,,,,,,,,,
OR,2015 SPRING SBO               ,062222,NAND D SIENNA SUNRISE R P14693,EVS,,,,,,,,,,,,,,
CT,SPRING BOOKING                ,010591,PEROVSKIA LITTLE SPIRE P11643,PRN,,,,,,,,,,,,,,
GA,2015 SPRING SBO               ,010591,PEROVSKIA LITTLE SPIRE P11643,PRN,,,,,,,,,,,,,,
OR,2015 SPRING SBO               ,064561,PICEA ABIES NIDIFORMIS,CON,,,,,,,,,,,,,,
OR,2015 SPRING SBO               ,064562,PICEA ABIES NIDIFORMIS,CON,,,,,,,,,,,,,,
OR,2015 SPRING SBO               ,064575ST,PICEA ABIES PENDULA,CON,,,,,,,,,,,,,,
OR,2015 SPRING SBO               ,064581,PICEA ABIES PUMILA,CON,,,,,,,,,,,,,,
OR,2015 SPRING SBO               ,064582,PICEA ABIES PUMILA,CON,,,,,,,,,,,,,,
OR,2015 SPRING SBO               ,064625SP,PICEA GL CONICA,CON,,,,,,,,,,,,,,
OR,2015 SPRING SBO               ,019395,PICEA PUN THE BLUES,CON,,,,,,,,,,,,,,
OR,2015 SPRING SBO               ,046425,PINUS PARVIFLORA GLAUCA NANA,CON,,,,,,,,,,,,,,
OR,2015 SPRING SBO               ,065485,PINUS STROBUS,CON,,,,,,,,,,,,,,
OR,2015 SPRING SBO               ,067151,PRUNUS LAUR OTTO LUYKEN,EVS,,,,,,,,,,,,,,
OR,2015 SPRING SBO               ,067152,PRUNUS LAUR OTTO LUYKEN,EVS,,,,,,,,,,,,,,
OR,2015 SPRING SBO               ,067155,PRUNUS LAUR OTTO LUYKEN,EVS,,,,,,,,,,,,,,
CT,SPRING BOOKING                ,011061,PULMONARIA RASP SPLASH PP12138,PRN,,,,,,,,,,,,,,
CT,SPRING BOOKING                ,035611,PULMONARIA TREVI FOUNTN P13047,PRN,,,,,,,,,,,,,,
GA,2015 SPRING SBO               ,030902S,ROSA KNCK OUT R DBL RD P16202,ROS,,,,,,,,,,,,,,
GA,2015 SPRING SBO               ,011622S,ROSA KNCK OUT R P11836 (RED),ROS,,,,,,,,,,,,,,
CA,2015 SPRING SBO               ,074981S,ROSA OSO EASY R PAPRIKA PPAF,ROS,,,,,,,,,,,,,,
OR,2015 SPRING SBO               ,070591,SALVIA NEMOROSA EAST FRIESLAND,PRN,,,,,,,,,,,,,,
CA,2015 SPRING SBO               ,070591,SALVIA NEMOROSA EAST FRIESLAND,PRN,,,,,,,,,,,,,,
OR,2015 SPRING SBO               ,030321,SALVIA X SYL SNOW HILL,PRN,,,,,,,,,,,,,,
GA,2015 SPRING SBO               ,030321,SALVIA X SYL SNOW HILL,PRN,,,,,,,,,,,,,,
OR,2015 SPRING SBO               ,071251,SPIRAEA JAP LITTLE PRINCESS,DCS,,,,,,,,,,,,,,
OR,2015 SPRING SBO               ,071231,SPIRAEA X LIMEMOUND R,DCS,,,,,,,,,,,,,,
OR,2015 SPRING SBO               ,071232,SPIRAEA X LIMEMOUND R,DCS,,,,,,,,,,,,,,
OR,2015 SPRING SBO               ,071975PT,SYRINGA PATULA,DCS,,,,,,,,,,,,,,
CT,SPRING BOOKING                ,406867,SYRINGA RET SNWDNC TM P20458,DCS,,,,,,,,,,,,,,
OR,2015 SPRING SBO               ,072342,TAXUS EMERALD SPREADR R P10335,CON,,,,,,,,,,,,,,
OR,2015 SPRING SBO               ,073012,THUJA OC EMERALD,CON,,,,,,,,,,,,,,
OR,2015 SPRING SBO               ,073015,THUJA OC EMERALD,CON,,,,,,,,,,,,,,
OR,2015 SPRING SBO               ,072835PT,THUJA OC FILIFORMIS,CON,,,,,,,,,,,,,,
CA,2015 SPRING SBO               ,072835PT,THUJA OC FILIFORMIS,CON,,,,,,,,,,,,,,
OR,2015 SPRING SBO               ,072921,THUJA OC HETZ MIDGET,CON,,,,,,,,,,,,,,
OR,2015 SPRING SBO               ,076391,WEIGELA FL DARK HORSE PP14381,DCS,,,,,,,,,,,,,,
OR,2015 SPRING SBO               ,076392,WEIGELA FL DARK HORSE PP14381,DCS,,,,,,,,,,,,,,
OR,2015 SPRING SBO               ,074712S,WEIGELA FL MY MONET R PP16824,DCS,,,,,,,,,,,,,,
